doc_id,text
NER5-0001,"Status update INC-2679: Polar Manufacturing confirmed with Sofia Rossi that work in Chicago remains on track for September 8, 2025 with a 3,760 USD envelope."
NER5-0002,"Control note: in Berlin, Isaac Chen from Apex Systems logged a integration exception on August 12, 2025, linked to 32,800 USD."
NER5-0003,"Northwind Group confirmed a deployment update after Aria Santos met stakeholders in Miami on 27 Aug 2026, with projected spend of USD 980."
NER5-0004,"Daniel Nguyen led a cost optimization checkpoint for BrightCloud LLC in Berlin (2026-01-25) and requested $12,400 for the next phase."
NER5-0005,"During the integration review in Stockholm on 28 Oct 2025, Sofia Peterson of Contoso Labs validated a budget line of USD 47,000."
NER5-0006,"Ana Carter and the finance team at BrightCloud LLC scheduled a integration workshop in Boston for 10/12/2025; approved value: USD 12,400."
NER5-0007,"Incident INC-7216: Nathan Miller at Pulse Telecom requested urgent support from Lisbon on July 1, 2026; approved amount: $3,760."
NER5-0008,"Incident INC-4456: Hannah Chen at Northwind Group requested urgent support from Madrid on 11/20/2025; approved amount: USD 7,350."
NER5-0009,"Finance memo: Sterling Insurance assigned Wyatt Peterson to the analytics stream in Miami; target date 27 May 2025, cap USD 3,760."
NER5-0010,"Adrian Peterson and the platform team at Summit HealthTech scheduled a audit workshop in New York for 05/22/2025; approved value: USD 2,100."
NER5-0011,"During the capacity planning review in Boston on 01/26/2026, Isaac Diaz of Contoso Labs validated a budget line of $32,800."
NER5-0012,Julian Lopez led a audit checkpoint for Blue Harbor Analytics in Seattle (06/11/2025) and requested 980 USD for the next phase.
NER5-0013,"Noah Silva from Sterling Insurance escalated ticket INC-3646 in Brussels on September 16, 2026; estimated impact: $3,760."
NER5-0014,"On 25 Apr 2025, Iris Nguyen (Evergreen Biotech) opened case INC-1949 while coordinating with the security team in London. Exposure is USD 7,350."
NER5-0015,"Status update INC-3705: Contoso Labs confirmed with Ana Kim that work in Stockholm remains on track for May 9, 2025 with a 25,000 USD envelope."
NER5-0016,"Incident INC-9479: Isaac Baker at Atlas Security requested urgent support from Dublin on 11/16/2025; approved amount: $12,400."
NER5-0017,"Incident INC-1117: Isabella Miller at Pioneer Mobility requested urgent support from London on August 26, 2026; approved amount: USD 47,000."
NER5-0018,"Pioneer Mobility confirmed a capacity planning update after Liam Chen met stakeholders in Berlin on June 11, 2026, with projected spend of 7,350 USD."
NER5-0019,"Finance memo: Evergreen Biotech assigned Zoe Price to the operations stream in New York; target date 04/30/2026, cap USD 4,850."
NER5-0020,Incident INC-6559: Elena Navarro at Polar Manufacturing requested urgent support from Madrid on 2026-11-21; approved amount: $980.
NER5-0021,"Ava Evans led a cost optimization checkpoint for Altura Foods in Paris (March 9, 2026) and requested $7,350 for the next phase."
NER5-0022,"Incident INC-7658: Noah Chen at Sterling Insurance requested urgent support from Stockholm on 2025-01-16; approved amount: USD 4,850."
NER5-0023,"Gabriel Chen and the operations team at Orion Logistics scheduled a capacity planning workshop in Boston for 01/03/2025; approved value: $7,350."
NER5-0024,"Wyatt Walker from Helios Energy escalated ticket INC-9883 in San Francisco on 2025-08-11; estimated impact: 47,000 USD."
NER5-0025,"Status update INC-2312: Evergreen Biotech confirmed with Maria Price that work in Brussels remains on track for June 28, 2026 with a 980 USD envelope."
NER5-0026,"Finance memo: NimbusWorks assigned Liam Carter to the customer-success stream in Rome; target date August 7, 2026, cap 47,000 USD."
NER5-0027,"Adrian Price and the operations team at Quantum Freight scheduled a audit workshop in Mexico City for September 25, 2025; approved value: USD 12,400."
NER5-0028,"Incident INC-2638: Leo Navarro at Pioneer Mobility requested urgent support from Berlin on 01/10/2025; approved amount: 47,000 USD."
NER5-0029,"Control note: in Toronto, Luna Mendoza from Nova Retail logged a capacity planning exception on March 12, 2025, linked to $12,400."
NER5-0030,"Control note: in Brussels, Leo Diaz from Sterling Insurance logged a rollout exception on 09 Jan 2025, linked to USD 2,100."
NER5-0031,"During the cost optimization review in San Francisco on September 12, 2026, Caleb Walker of Vertex Dynamics validated a budget line of USD 12,400."
NER5-0032,"Control note: in Seattle, Maria Miller from Sterling Insurance logged a audit exception on 2025-10-11, linked to $980."
NER5-0033,"Julia Evans reported from Seattle that Harborline Media needs a migration action plan dated 2026-07-29 and funded at USD 2,100."
NER5-0034,"Adrian Evans and the finance team at Nova Retail scheduled a integration workshop in Seattle for 2025-05-11; approved value: $7,350."
NER5-0035,"Summit HealthTech confirmed a migration update after Mateo Lopez met stakeholders in Stockholm on February 21, 2026, with projected spend of USD 4,850."
NER5-0036,"Incident INC-1634: Julian Santos at UrbanGrid Transit requested urgent support from New York on October 1, 2025; approved amount: $2,100."
NER5-0037,"During the rollout review in New York on 2025-08-17, Owen Khan of Blue Harbor Analytics validated a budget line of $4,850."
NER5-0038,"Nora Fernandez from NimbusWorks escalated ticket INC-3925 in Stockholm on 2025-12-06; estimated impact: $2,100."
NER5-0039,"Incident INC-2894: Noah Diaz at Meridian Payments requested urgent support from Toronto on 11/18/2025; approved amount: 47,000 USD."
NER5-0040,"Chloe Chen reported from Seattle that Harborline Media needs a service stabilization action plan dated January 2, 2025 and funded at $12,400."
NER5-0041,"Incident INC-5844: Sofia Silva at Quantum Freight requested urgent support from San Francisco on 11/14/2026; approved amount: $12,400."
NER5-0042,"Incident INC-1006: Elena Peterson at UrbanGrid Transit requested urgent support from Lisbon on 23 Sep 2026; approved amount: 18,900 USD."
NER5-0043,"Control note: in Mexico City, Isaac Price from Pulse Telecom logged a cost optimization exception on 04/22/2026, linked to 25,000 USD."
NER5-0044,"Blue Harbor Analytics confirmed a integration update after Mia Miller met stakeholders in Brussels on 11 Nov 2026, with projected spend of USD 2,100."
NER5-0045,"Finance memo: Northwind Group assigned David Chen to the operations stream in Amsterdam; target date 2026-09-18, cap $25,000."
NER5-0046,"Mateo Walker led a migration checkpoint for Sterling Insurance in London (04/20/2025) and requested USD 4,850 for the next phase."
NER5-0047,"At Altura Foods, Mateo Lopez documented ticket INC-9270 from Paris. The commitment date is 21 Apr 2026 and the reserve is 25,000 USD."
NER5-0048,"On 11 Sep 2025, Mia Kim (Altura Foods) opened case INC-4919 while coordinating with the analytics team in Chicago. Exposure is $32,800."
NER5-0049,"Control note: in Mexico City, Grace Carter from Vertex Dynamics logged a audit exception on 2025-11-24, linked to USD 3,760."
NER5-0050,"Status update INC-4388: Meridian Payments confirmed with Daniel Miller that work in Seattle remains on track for 12/05/2025 with a USD 18,900 envelope."
NER5-0051,"Status update INC-7865: NimbusWorks confirmed with David Price that work in Amsterdam remains on track for 07 Jan 2025 with a $7,350 envelope."
NER5-0052,"At Northwind Group, Isabella Kim documented ticket INC-6507 from Chicago. The commitment date is 03/23/2026 and the reserve is $980."
NER5-0053,"Atlas Security confirmed a cost optimization update after Olivia Diaz met stakeholders in London on 2026-02-08, with projected spend of 2,100 USD."
NER5-0054,"During the compliance remediation review in Mexico City on 08/05/2025, Maria Mendoza of NimbusWorks validated a budget line of $12,400."
NER5-0055,"Incident INC-2124: Ana Kim at Apex Systems requested urgent support from Stockholm on 23 Feb 2025; approved amount: 4,850 USD."
NER5-0056,"At Pulse Telecom, Ava Rossi documented ticket INC-2874 from Paris. The commitment date is September 2, 2025 and the reserve is 25,000 USD."
NER5-0057,"During the migration review in Sydney on 2026-09-14, Chloe Khan of Orion Logistics validated a budget line of $3,760."
NER5-0058,"Status update INC-5941: NimbusWorks confirmed with Zoe Peterson that work in Dublin remains on track for March 19, 2025 with a 2,100 USD envelope."
NER5-0059,"At Atlas Security, John Khan documented ticket INC-6590 from Seattle. The commitment date is 09 Nov 2026 and the reserve is 2,100 USD."
NER5-0060,"Noah Santos led a service stabilization checkpoint for Summit HealthTech in Miami (December 26, 2026) and requested USD 18,900 for the next phase."
NER5-0061,"At Meridian Payments, Harper Navarro documented ticket INC-5569 from Zurich. The commitment date is 02 Oct 2025 and the reserve is USD 4,850."
NER5-0062,"Zoe Diaz reported from Boston that UrbanGrid Transit needs a integration action plan dated 2025-12-11 and funded at $25,000."
NER5-0063,"Incident INC-9464: Chloe Nguyen at Vertex Dynamics requested urgent support from Sydney on 20 Dec 2026; approved amount: USD 32,800."
NER5-0064,"Incident INC-1282: Elena Kim at Atlas Security requested urgent support from New York on 12/09/2026; approved amount: $25,000."
NER5-0065,"Gabriel Carter reported from Zurich that Blue Harbor Analytics needs a capacity planning action plan dated 01/13/2026 and funded at 32,800 USD."
NER5-0066,"Control note: in San Francisco, Nora Navarro from Vertex Dynamics logged a rollout exception on September 15, 2025, linked to 2,100 USD."
NER5-0067,"During the integration review in Dublin on 11 May 2026, Aria Ruiz of Helios Energy validated a budget line of 47,000 USD."
NER5-0068,"Control note: in San Francisco, Isabella Khan from Orion Logistics logged a deployment exception on January 15, 2025, linked to USD 7,350."
NER5-0069,"Olivia Kim from BrightCloud LLC escalated ticket INC-8216 in London on 11 Aug 2026; estimated impact: $25,000."
NER5-0070,"Status update INC-1878: BrightCloud LLC confirmed with Chloe Kim that work in Berlin remains on track for 02/15/2026 with a 2,100 USD envelope."
NER5-0071,"At Northwind Group, Leo Miller documented ticket INC-4697 from Rome. The commitment date is 07/26/2026 and the reserve is 47,000 USD."
NER5-0072,"During the integration review in Seattle on 2025-11-09, Julia Silva of Redwood Finance validated a budget line of 47,000 USD."
NER5-0073,"At Northwind Group, Ana Ruiz documented ticket INC-7693 from Lisbon. The commitment date is 2026-07-20 and the reserve is USD 3,760."
NER5-0074,"Grace Chen and the analytics team at Northwind Group scheduled a service stabilization workshop in San Francisco for 25 Dec 2026; approved value: USD 25,000."
NER5-0075,"During the audit review in Stockholm on August 19, 2025, Ava Santos of BrightCloud LLC validated a budget line of USD 7,350."
NER5-0076,"Iris Price led a capacity planning checkpoint for Blue Harbor Analytics in Miami (05/08/2025) and requested 7,350 USD for the next phase."
NER5-0077,"Incident INC-5102: Wyatt Navarro at Contoso Labs requested urgent support from Sydney on 02/10/2025; approved amount: 12,400 USD."
NER5-0078,"Apex Systems confirmed a deployment update after Zoe Price met stakeholders in Chicago on 2026-08-14, with projected spend of $3,760."
NER5-0079,"Sterling Insurance confirmed a rollout update after Adrian Santos met stakeholders in Amsterdam on 04/04/2025, with projected spend of $12,400."
NER5-0080,"During the incident response review in Amsterdam on 10/23/2025, Julian Santos of Harborline Media validated a budget line of USD 32,800."
NER5-0081,"Status update INC-4073: NimbusWorks confirmed with Hannah Lopez that work in Brussels remains on track for 01/02/2025 with a USD 18,900 envelope."
NER5-0082,"Wyatt Navarro and the claims team at Fabrikam Ops scheduled a migration workshop in Dublin for October 1, 2025; approved value: $7,350."
NER5-0083,"At Harborline Media, Iris Carter documented ticket INC-2527 from Lisbon. The commitment date is 2025-11-15 and the reserve is $32,800."
NER5-0084,"Sofia Walker led a cost optimization checkpoint for Evergreen Biotech in San Francisco (06 Jun 2026) and requested $18,900 for the next phase."
NER5-0085,"During the capacity planning review in Sydney on June 5, 2026, Lucas Peterson of Helios Energy validated a budget line of $2,100."
NER5-0086,"Emma Silva reported from San Francisco that Polar Manufacturing needs a incident response action plan dated 08/25/2026 and funded at $3,760."
NER5-0087,"Caleb Evans from NimbusWorks escalated ticket INC-7274 in Miami on November 26, 2025; estimated impact: 4,850 USD."
NER5-0088,"Hannah Kim reported from Boston that Harborline Media needs a service stabilization action plan dated January 31, 2026 and funded at USD 25,000."
NER5-0089,"During the cost optimization review in Brussels on 2026-04-13, Noah Navarro of BrightCloud LLC validated a budget line of $3,760."
NER5-0090,"Julian Diaz and the operations team at Harborline Media scheduled a incident response workshop in Boston for 2026-10-28; approved value: 12,400 USD."
NER5-0091,"Wyatt Evans and the operations team at Fabrikam Ops scheduled a rollout workshop in Sydney for March 12, 2025; approved value: USD 7,350."
NER5-0092,"Finance memo: Orion Logistics assigned Noah Navarro to the finance stream in San Francisco; target date 2025-01-30, cap USD 12,400."
NER5-0093,"Status update INC-2293: Quantum Freight confirmed with Lucas Carter that work in Seattle remains on track for August 3, 2026 with a USD 3,760 envelope."
NER5-0094,"During the cost optimization review in Paris on 08/26/2025, Mateo Kim of Redwood Finance validated a budget line of $7,350."
NER5-0095,"Incident INC-5097: Aria Ruiz at Contoso Labs requested urgent support from Miami on 20 Dec 2025; approved amount: 18,900 USD."
NER5-0096,"During the compliance remediation review in New York on 26 Jan 2026, Clara Kim of BrightCloud LLC validated a budget line of $47,000."
NER5-0097,"Status update INC-6772: UrbanGrid Transit confirmed with Emma Price that work in Madrid remains on track for 09/13/2026 with a USD 7,350 envelope."
NER5-0098,"Control note: in Rome, Chloe Walker from Sterling Insurance logged a incident response exception on 2026-10-05, linked to $7,350."
NER5-0099,"Olivia Miller led a capacity planning checkpoint for Blue Harbor Analytics in Mexico City (March 2, 2026) and requested USD 4,850 for the next phase."
NER5-0100,"Nathan Ruiz and the platform team at Vertex Dynamics scheduled a integration workshop in Amsterdam for 30 Oct 2025; approved value: $2,100."
NER5-0101,"Gabriel Evans and the compliance team at Summit HealthTech scheduled a incident response workshop in Berlin for 2026-02-09; approved value: 7,350 USD."
NER5-0102,"Chloe Price and the customer-success team at NimbusWorks scheduled a integration workshop in Toronto for April 21, 2025; approved value: USD 25,000."
NER5-0103,"At Harborline Media, Liam Navarro documented ticket INC-1742 from San Francisco. The commitment date is 10/27/2026 and the reserve is USD 2,100."
NER5-0104,"Control note: in Stockholm, Sofia Lopez from Northwind Group logged a service stabilization exception on 05/19/2025, linked to $25,000."
NER5-0105,"At Sterling Insurance, Lucas Santos documented ticket INC-7070 from Rome. The commitment date is 05/17/2026 and the reserve is USD 7,350."
NER5-0106,"At BrightCloud LLC, Mateo Khan documented ticket INC-5520 from Toronto. The commitment date is 12 Jul 2026 and the reserve is $980."
NER5-0107,"On 2025-01-22, Ana Baker (Sterling Insurance) opened case INC-3063 while coordinating with the customer-success team in Sydney. Exposure is USD 12,400."
NER5-0108,"Redwood Finance confirmed a audit update after Caleb Baker met stakeholders in Dublin on 27 Aug 2025, with projected spend of 3,760 USD."
NER5-0109,"Aria Mendoza reported from Rome that Orion Logistics needs a service stabilization action plan dated 2026-11-08 and funded at USD 3,760."
NER5-0110,"David Ruiz reported from Madrid that Vertex Dynamics needs a cost optimization action plan dated 05/10/2025 and funded at USD 32,800."
NER5-0111,"Luna Price and the analytics team at BrightCloud LLC scheduled a cost optimization workshop in Miami for May 31, 2026; approved value: USD 47,000."
NER5-0112,"David Chen reported from Boston that Evergreen Biotech needs a rollout action plan dated 2026-03-13 and funded at 25,000 USD."
NER5-0113,"Iris Walker led a cost optimization checkpoint for Contoso Labs in Paris (09 Oct 2025) and requested 18,900 USD for the next phase."
NER5-0114,"At BrightCloud LLC, Iris Santos documented ticket INC-4743 from Rome. The commitment date is November 2, 2026 and the reserve is $18,900."
NER5-0115,"Gabriel Santos and the finance team at Polar Manufacturing scheduled a audit workshop in Rome for 11/17/2025; approved value: 12,400 USD."
NER5-0116,"Harper Miller from Contoso Labs escalated ticket INC-7105 in Berlin on 04/06/2025; estimated impact: 2,100 USD."
NER5-0117,"Status update INC-7929: Atlas Security confirmed with Adrian Evans that work in Mexico City remains on track for 2026-11-18 with a $18,900 envelope."
NER5-0118,"Leo Khan reported from Zurich that BrightCloud LLC needs a rollout action plan dated June 4, 2026 and funded at 3,760 USD."
NER5-0119,"Caleb Khan from BrightCloud LLC escalated ticket INC-1430 in Chicago on August 11, 2026; estimated impact: 18,900 USD."
NER5-0120,"On 14 Dec 2025, Ethan Mendoza (Harborline Media) opened case INC-3347 while coordinating with the customer-success team in San Francisco. Exposure is USD 980."
NER5-0121,"During the incident response review in Brussels on 08/09/2025, Lucas Rossi of Contoso Labs validated a budget line of $18,900."
NER5-0122,"At Pulse Telecom, Hannah Price documented ticket INC-1815 from Berlin. The commitment date is February 23, 2025 and the reserve is 3,760 USD."
NER5-0123,"On 01 Mar 2026, Isaac Kim (Pulse Telecom) opened case INC-2864 while coordinating with the finance team in Miami. Exposure is 4,850 USD."
NER5-0124,Grace Price from Evergreen Biotech escalated ticket INC-7475 in Brussels on 15 Nov 2026; estimated impact: USD 980.
NER5-0125,"Helios Energy confirmed a compliance remediation update after Daniel Silva met stakeholders in Paris on 19 Sep 2025, with projected spend of USD 12,400."
NER5-0126,"At Atlas Security, Olivia Peterson documented ticket INC-1693 from New York. The commitment date is 28 May 2026 and the reserve is $2,100."
NER5-0127,"Liam Nguyen reported from Seattle that Redwood Finance needs a migration action plan dated 08/11/2026 and funded at $18,900."
NER5-0128,"Mia Diaz led a compliance remediation checkpoint for Altura Foods in Toronto (04/01/2025) and requested USD 2,100 for the next phase."
NER5-0129,"Ana Peterson led a capacity planning checkpoint for Blue Harbor Analytics in Mexico City (15 Aug 2025) and requested USD 3,760 for the next phase."
NER5-0130,"Summit HealthTech confirmed a service stabilization update after Ava Khan met stakeholders in Paris on 2025-08-30, with projected spend of $3,760."
NER5-0131,"At Sterling Insurance, Liam Ruiz documented ticket INC-6295 from Amsterdam. The commitment date is 04/21/2026 and the reserve is 47,000 USD."
NER5-0132,"At Altura Foods, Liam Kim documented ticket INC-2215 from San Francisco. The commitment date is 2025-10-09 and the reserve is 12,400 USD."
NER5-0133,"Status update INC-9307: Summit HealthTech confirmed with John Chen that work in San Francisco remains on track for 2025-03-20 with a 47,000 USD envelope."
NER5-0134,"Caleb Chen from Altura Foods escalated ticket INC-8792 in Zurich on October 30, 2026; estimated impact: 12,400 USD."
NER5-0135,"Julia Lopez led a capacity planning checkpoint for Pioneer Mobility in Berlin (June 1, 2026) and requested USD 980 for the next phase."
NER5-0136,"Elias Ruiz reported from Toronto that Summit HealthTech needs a rollout action plan dated 10/17/2025 and funded at $18,900."
NER5-0137,"Noah Evans and the claims team at UrbanGrid Transit scheduled a service stabilization workshop in Boston for 18 Oct 2025; approved value: USD 47,000."
NER5-0138,"Lucas Khan and the finance team at Blue Harbor Analytics scheduled a audit workshop in Boston for 2025-05-13; approved value: 7,350 USD."
NER5-0139,Mason Miller reported from Seattle that Sterling Insurance needs a integration action plan dated 05 Jun 2026 and funded at $980.
NER5-0140,"Wyatt Baker from Northwind Group escalated ticket INC-9317 in Paris on 2025-06-08; estimated impact: USD 7,350."
NER5-0141,"Finance memo: Nova Retail assigned Julian Diaz to the compliance stream in Sydney; target date January 21, 2026, cap USD 3,760."
NER5-0142,"Incident INC-4918: Samuel Carter at Altura Foods requested urgent support from Sydney on 10/19/2025; approved amount: 4,850 USD."
NER5-0143,"Status update INC-7859: Altura Foods confirmed with Samuel Price that work in Miami remains on track for 10/16/2025 with a 32,800 USD envelope."
NER5-0144,"During the audit review in Amsterdam on 2026-01-16, Olivia Mendoza of Fabrikam Ops validated a budget line of USD 32,800."
NER5-0145,"Finance memo: Nova Retail assigned Julia Fernandez to the operations stream in Seattle; target date April 4, 2025, cap $25,000."
NER5-0146,"Northwind Group confirmed a incident response update after Luna Khan met stakeholders in Boston on 25 Mar 2025, with projected spend of USD 4,850."
NER5-0147,"During the migration review in Amsterdam on December 14, 2026, Olivia Chen of Blue Harbor Analytics validated a budget line of $25,000."
NER5-0148,"Daniel Walker from Atlas Security escalated ticket INC-4893 in Sydney on 06/25/2026; estimated impact: $2,100."
NER5-0149,"Status update INC-9782: Sterling Insurance confirmed with Mateo Santos that work in Sydney remains on track for 2026-04-14 with a $2,100 envelope."
NER5-0150,"Mateo Walker led a rollout checkpoint for Blue Harbor Analytics in Seattle (02 Jan 2025) and requested 4,850 USD for the next phase."
NER5-0151,"During the incident response review in Stockholm on 2026-06-04, Samuel Miller of Quantum Freight validated a budget line of $18,900."
NER5-0152,"David Khan reported from Toronto that Contoso Labs needs a migration action plan dated 2025-09-04 and funded at 47,000 USD."
NER5-0153,"Control note: in Lisbon, Aria Nguyen from Sterling Insurance logged a rollout exception on 12/03/2026, linked to 25,000 USD."
NER5-0154,"Owen Chen led a compliance remediation checkpoint for Blue Harbor Analytics in Dublin (February 14, 2025) and requested $980 for the next phase."
NER5-0155,Harper Mendoza reported from Dublin that Fabrikam Ops needs a rollout action plan dated 20 Oct 2025 and funded at 980 USD.
NER5-0156,"During the capacity planning review in Miami on 31 Jan 2026, Isaac Peterson of Polar Manufacturing validated a budget line of $3,760."
NER5-0157,"Ana Santos reported from Seattle that Contoso Labs needs a rollout action plan dated September 9, 2026 and funded at $32,800."
NER5-0158,"Status update INC-8325: Altura Foods confirmed with Grace Silva that work in Sydney remains on track for March 13, 2026 with a $25,000 envelope."
NER5-0159,"Status update INC-3621: Sterling Insurance confirmed with Isaac Mendoza that work in Madrid remains on track for 03/18/2025 with a 12,400 USD envelope."
NER5-0160,"Julia Chen and the customer-success team at Nova Retail scheduled a audit workshop in Berlin for 30 Aug 2025; approved value: $12,400."
NER5-0161,"Incident INC-7521: Julia Khan at Summit HealthTech requested urgent support from Miami on March 20, 2025; approved amount: $32,800."
NER5-0162,"Incident INC-5288: Sofia Rossi at Polar Manufacturing requested urgent support from Lisbon on 05/27/2026; approved amount: USD 32,800."
NER5-0163,"On 2025-07-24, Elias Silva (Harborline Media) opened case INC-8406 while coordinating with the platform team in Amsterdam. Exposure is USD 3,760."
NER5-0164,"Incident INC-3852: Hannah Khan at Harborline Media requested urgent support from Berlin on 18 Jul 2026; approved amount: USD 7,350."
NER5-0165,"Nova Retail confirmed a capacity planning update after Sofia Baker met stakeholders in New York on 2026-05-21, with projected spend of 12,400 USD."
NER5-0166,"Contoso Labs confirmed a rollout update after Elias Miller met stakeholders in San Francisco on 02/12/2026, with projected spend of $32,800."
NER5-0167,"Hannah Miller led a compliance remediation checkpoint for Altura Foods in Miami (28 Nov 2026) and requested 3,760 USD for the next phase."
NER5-0168,"During the capacity planning review in Paris on November 8, 2025, Maria Lopez of Quantum Freight validated a budget line of $3,760."
NER5-0169,"Ana Mendoza and the claims team at Helios Energy scheduled a capacity planning workshop in Stockholm for October 9, 2025; approved value: 7,350 USD."
NER5-0170,"Mia Price and the claims team at Redwood Finance scheduled a migration workshop in Paris for 25 Jun 2025; approved value: USD 47,000."
NER5-0171,"During the capacity planning review in Dublin on 08/09/2026, Zoe Mendoza of Sterling Insurance validated a budget line of 47,000 USD."
NER5-0172,"Finance memo: Northwind Group assigned Leo Kim to the platform stream in Boston; target date 11/01/2025, cap 2,100 USD."
NER5-0173,"Helios Energy confirmed a compliance remediation update after Harper Navarro met stakeholders in Mexico City on September 14, 2026, with projected spend of 12,400 USD."
NER5-0174,"Atlas Security confirmed a integration update after Samuel Fernandez met stakeholders in Rome on November 23, 2025, with projected spend of USD 25,000."
NER5-0175,"Incident INC-6364: Noah Chen at Blue Harbor Analytics requested urgent support from Boston on 09/23/2026; approved amount: USD 4,850."
NER5-0176,"At Quantum Freight, Mia Kim documented ticket INC-2475 from Miami. The commitment date is 26 May 2026 and the reserve is USD 25,000."
NER5-0177,"Mateo Baker from Redwood Finance escalated ticket INC-8710 in Toronto on 2025-02-19; estimated impact: $7,350."
NER5-0178,"Noah Santos led a service stabilization checkpoint for Nova Retail in Chicago (01/10/2026) and requested USD 12,400 for the next phase."
NER5-0179,"On 03/17/2025, Ava Khan (Atlas Security) opened case INC-5582 while coordinating with the customer-success team in San Francisco. Exposure is $32,800."
NER5-0180,"Olivia Lopez from NimbusWorks escalated ticket INC-9341 in Toronto on 14 Dec 2025; estimated impact: USD 3,760."
NER5-0181,"Status update INC-9446: Nova Retail confirmed with John Chen that work in Mexico City remains on track for 05/01/2026 with a 3,760 USD envelope."
NER5-0182,"During the service stabilization review in Sydney on 03 Nov 2025, Hannah Ruiz of NimbusWorks validated a budget line of 32,800 USD."
NER5-0183,"At Summit HealthTech, Harper Rossi documented ticket INC-6040 from Mexico City. The commitment date is 2026-11-21 and the reserve is 18,900 USD."
NER5-0184,"Chloe Price from Redwood Finance escalated ticket INC-7229 in New York on 02/22/2025; estimated impact: 3,760 USD."
NER5-0185,"Zoe Lopez led a compliance remediation checkpoint for Helios Energy in London (28 Mar 2026) and requested USD 18,900 for the next phase."
NER5-0186,"Finance memo: Polar Manufacturing assigned Elias Kim to the compliance stream in Madrid; target date December 24, 2026, cap USD 32,800."
NER5-0187,"During the integration review in Stockholm on 17 Dec 2025, Hannah Ruiz of Altura Foods validated a budget line of 7,350 USD."
NER5-0188,"Control note: in San Francisco, Caleb Silva from Northwind Group logged a capacity planning exception on October 23, 2025, linked to $25,000."
NER5-0189,"During the migration review in Zurich on 11/24/2026, Nathan Silva of BrightCloud LLC validated a budget line of $18,900."
NER5-0190,"Altura Foods confirmed a deployment update after Ana Khan met stakeholders in Chicago on May 6, 2026, with projected spend of 4,850 USD."
NER5-0191,"Noah Diaz from Polar Manufacturing escalated ticket INC-9700 in Zurich on September 3, 2025; estimated impact: 980 USD."
NER5-0192,"At Pioneer Mobility, Noah Santos documented ticket INC-3587 from Amsterdam. The commitment date is April 13, 2025 and the reserve is 980 USD."
NER5-0193,"Pioneer Mobility confirmed a migration update after Ava Silva met stakeholders in San Francisco on 2026-10-24, with projected spend of 2,100 USD."
NER5-0194,"Status update INC-1151: Fabrikam Ops confirmed with Elena Ruiz that work in Boston remains on track for May 23, 2026 with a USD 7,350 envelope."
NER5-0195,"On 10/19/2026, Noah Nguyen (Blue Harbor Analytics) opened case INC-8668 while coordinating with the analytics team in Miami. Exposure is 3,760 USD."
NER5-0196,"Julian Ruiz and the analytics team at Polar Manufacturing scheduled a service stabilization workshop in Miami for 26 Oct 2026; approved value: USD 3,760."
NER5-0197,"At Pulse Telecom, Ava Ruiz documented ticket INC-2562 from Boston. The commitment date is 14 Mar 2026 and the reserve is $2,100."
NER5-0198,"Control note: in Chicago, Hannah Carter from Apex Systems logged a service stabilization exception on January 28, 2026, linked to $25,000."
NER5-0199,"Vertex Dynamics confirmed a deployment update after Zoe Rossi met stakeholders in Toronto on December 11, 2026, with projected spend of 980 USD."
NER5-0200,"At Harborline Media, Gabriel Fernandez documented ticket INC-4618 from San Francisco. The commitment date is 2026-12-08 and the reserve is $7,350."
NER5-0201,"Lucas Navarro and the security team at Polar Manufacturing scheduled a integration workshop in Sydney for 01/18/2026; approved value: $32,800."
NER5-0202,"Iris Miller led a capacity planning checkpoint for Quantum Freight in Miami (25 Jun 2026) and requested 2,100 USD for the next phase."
NER5-0203,"At Atlas Security, Ava Price documented ticket INC-2904 from Paris. The commitment date is 18 Jun 2025 and the reserve is $32,800."
NER5-0204,"Ana Fernandez led a migration checkpoint for Altura Foods in Madrid (April 10, 2026) and requested $32,800 for the next phase."
NER5-0205,Owen Silva from Polar Manufacturing escalated ticket INC-4570 in London on 10 Feb 2026; estimated impact: 980 USD.
NER5-0206,"Harborline Media confirmed a compliance remediation update after Isaac Khan met stakeholders in Berlin on 2026-07-09, with projected spend of $2,100."
NER5-0207,"On 04/05/2026, Olivia Santos (Summit HealthTech) opened case INC-9835 while coordinating with the platform team in Boston. Exposure is USD 18,900."
NER5-0208,"Finance memo: NimbusWorks assigned Ethan Evans to the compliance stream in Brussels; target date May 11, 2025, cap USD 980."
NER5-0209,"Aria Peterson and the claims team at Northwind Group scheduled a migration workshop in New York for 17 Apr 2026; approved value: $3,760."
NER5-0210,"Elena Diaz and the compliance team at Apex Systems scheduled a service stabilization workshop in New York for 2025-07-31; approved value: 2,100 USD."
NER5-0211,"Maria Carter led a audit checkpoint for Polar Manufacturing in Madrid (02/16/2026) and requested 4,850 USD for the next phase."
NER5-0212,"Finance memo: Polar Manufacturing assigned Grace Carter to the infrastructure stream in Zurich; target date 23 Nov 2025, cap $4,850."
NER5-0213,"Leo Mendoza and the risk team at Fabrikam Ops scheduled a incident response workshop in Stockholm for August 29, 2026; approved value: 18,900 USD."
NER5-0214,"Incident INC-4012: Clara Fernandez at Pioneer Mobility requested urgent support from Seattle on February 23, 2026; approved amount: $7,350."
NER5-0215,"Harborline Media confirmed a capacity planning update after Isabella Silva met stakeholders in Paris on 2026-04-20, with projected spend of $32,800."
NER5-0216,"Clara Carter from Vertex Dynamics escalated ticket INC-2514 in Dublin on 2025-12-05; estimated impact: $25,000."
NER5-0217,"Nathan Peterson reported from Sydney that UrbanGrid Transit needs a integration action plan dated 2026-09-10 and funded at USD 2,100."
NER5-0218,"Leo Rossi led a integration checkpoint for Helios Energy in Dublin (05/01/2025) and requested 4,850 USD for the next phase."
NER5-0219,"At NimbusWorks, Hannah Silva documented ticket INC-6892 from Miami. The commitment date is 01 Jul 2026 and the reserve is $7,350."
NER5-0220,"During the migration review in Dublin on 15 Jan 2026, Noah Kim of Pioneer Mobility validated a budget line of USD 18,900."
NER5-0221,"Incident INC-4768: Caleb Price at Redwood Finance requested urgent support from Seattle on October 30, 2025; approved amount: $4,850."
NER5-0222,"Sterling Insurance confirmed a audit update after Wyatt Evans met stakeholders in Mexico City on 09/21/2025, with projected spend of $25,000."
NER5-0223,"Finance memo: Orion Logistics assigned Aria Kim to the risk stream in Stockholm; target date 2026-10-20, cap USD 32,800."
NER5-0224,"Olivia Carter and the risk team at Contoso Labs scheduled a service stabilization workshop in Paris for January 10, 2025; approved value: $32,800."
NER5-0225,"Elias Kim led a migration checkpoint for UrbanGrid Transit in Amsterdam (2025-01-17) and requested 32,800 USD for the next phase."
NER5-0226,"Incident INC-2578: Nathan Evans at Blue Harbor Analytics requested urgent support from London on 05/30/2026; approved amount: USD 3,760."
NER5-0227,"Status update INC-7112: Quantum Freight confirmed with Ava Diaz that work in Chicago remains on track for 29 Dec 2025 with a USD 18,900 envelope."
NER5-0228,"At Blue Harbor Analytics, Mateo Carter documented ticket INC-7213 from Berlin. The commitment date is 2026-11-01 and the reserve is $2,100."
NER5-0229,"Maria Rossi led a rollout checkpoint for Harborline Media in Lisbon (03/26/2025) and requested 18,900 USD for the next phase."
NER5-0230,John Carter and the infrastructure team at Helios Energy scheduled a service stabilization workshop in Zurich for 02 May 2026; approved value: USD 980.
NER5-0231,"Incident INC-5903: John Ruiz at Pioneer Mobility requested urgent support from London on August 1, 2025; approved amount: USD 18,900."
NER5-0232,"Zoe Peterson from UrbanGrid Transit escalated ticket INC-2284 in Stockholm on 12/06/2025; estimated impact: 3,760 USD."
NER5-0233,"Incident INC-5478: Noah Santos at Northwind Group requested urgent support from Berlin on 12/15/2025; approved amount: USD 12,400."
NER5-0234,"On 07/10/2025, Nora Evans (NimbusWorks) opened case INC-5839 while coordinating with the security team in Seattle. Exposure is 2,100 USD."
NER5-0235,"At NimbusWorks, Nathan Walker documented ticket INC-2499 from Paris. The commitment date is 03 Feb 2026 and the reserve is USD 12,400."
NER5-0236,"Samuel Mendoza from BrightCloud LLC escalated ticket INC-9395 in Paris on March 31, 2025; estimated impact: $18,900."
NER5-0237,"On 04 Sep 2026, Ana Khan (Atlas Security) opened case INC-5781 while coordinating with the operations team in Berlin. Exposure is USD 18,900."
NER5-0238,"At Redwood Finance, Caleb Carter documented ticket INC-5405 from Brussels. The commitment date is 06/23/2025 and the reserve is USD 3,760."
NER5-0239,"Incident INC-2260: Lucas Miller at Orion Logistics requested urgent support from Seattle on 10/10/2025; approved amount: $7,350."
NER5-0240,"Status update INC-1110: Pulse Telecom confirmed with Wyatt Diaz that work in Dublin remains on track for 2026-04-14 with a $3,760 envelope."
NER5-0241,"Altura Foods confirmed a incident response update after Clara Nguyen met stakeholders in Mexico City on March 17, 2026, with projected spend of $7,350."
NER5-0242,"On August 13, 2026, Gabriel Nguyen (Blue Harbor Analytics) opened case INC-5592 while coordinating with the operations team in Amsterdam. Exposure is $12,400."
NER5-0243,"Control note: in Stockholm, Zoe Baker from Redwood Finance logged a deployment exception on 2025-07-04, linked to 25,000 USD."
NER5-0244,"On 23 May 2025, Liam Santos (UrbanGrid Transit) opened case INC-3525 while coordinating with the operations team in Amsterdam. Exposure is $4,850."
NER5-0245,"Julia Diaz and the infrastructure team at Evergreen Biotech scheduled a service stabilization workshop in Zurich for 02/15/2026; approved value: USD 32,800."
NER5-0246,"On 2025-06-20, Ana Lopez (Northwind Group) opened case INC-7547 while coordinating with the finance team in Toronto. Exposure is 47,000 USD."
NER5-0247,"Control note: in New York, Emma Lopez from Vertex Dynamics logged a service stabilization exception on June 7, 2026, linked to $25,000."
NER5-0248,"Luna Walker reported from London that Summit HealthTech needs a audit action plan dated 2026-05-10 and funded at $7,350."
NER5-0249,"Leo Nguyen reported from Dublin that Altura Foods needs a cost optimization action plan dated 06/18/2026 and funded at $12,400."
NER5-0250,"Fabrikam Ops confirmed a capacity planning update after Liam Silva met stakeholders in Rome on 24 Jan 2025, with projected spend of 2,100 USD."
NER5-0251,"Finance memo: Pioneer Mobility assigned Caleb Ruiz to the platform stream in Stockholm; target date 03/13/2026, cap $4,850."
NER5-0252,"Control note: in Miami, David Diaz from Helios Energy logged a deployment exception on 08/30/2026, linked to USD 18,900."
NER5-0253,"Liam Price and the claims team at BrightCloud LLC scheduled a deployment workshop in Stockholm for 11 Jul 2025; approved value: USD 12,400."
NER5-0254,"At Sterling Insurance, Wyatt Fernandez documented ticket INC-2871 from Mexico City. The commitment date is 09/04/2026 and the reserve is $47,000."
NER5-0255,"On 2026-09-22, Elias Ruiz (UrbanGrid Transit) opened case INC-2931 while coordinating with the security team in San Francisco. Exposure is $3,760."
NER5-0256,"Finance memo: Harborline Media assigned Ethan Khan to the customer-success stream in Paris; target date 06/08/2026, cap 18,900 USD."
NER5-0257,"Sterling Insurance confirmed a audit update after Ethan Kim met stakeholders in Stockholm on December 12, 2026, with projected spend of USD 32,800."
NER5-0258,"Hannah Navarro led a capacity planning checkpoint for Pulse Telecom in Madrid (2026-01-03) and requested USD 25,000 for the next phase."
NER5-0259,"Incident INC-2354: Wyatt Santos at UrbanGrid Transit requested urgent support from Amsterdam on 03/02/2026; approved amount: USD 25,000."
NER5-0260,"On 05 Jul 2026, Grace Chen (Vertex Dynamics) opened case INC-9115 while coordinating with the infrastructure team in New York. Exposure is $3,760."
NER5-0261,"Control note: in Stockholm, Zoe Lopez from Vertex Dynamics logged a rollout exception on 2026-01-11, linked to 25,000 USD."
NER5-0262,"Control note: in Miami, Mateo Silva from Fabrikam Ops logged a integration exception on 27 Sep 2025, linked to $2,100."
NER5-0263,"Adrian Khan from Harborline Media escalated ticket INC-3281 in Sydney on 10/10/2026; estimated impact: 3,760 USD."
NER5-0264,"During the service stabilization review in Chicago on September 4, 2026, Zoe Khan of Atlas Security validated a budget line of 12,400 USD."
NER5-0265,"Control note: in Seattle, Luna Lopez from Nova Retail logged a audit exception on 02 Mar 2025, linked to 3,760 USD."
NER5-0266,"At UrbanGrid Transit, Hannah Carter documented ticket INC-5402 from Boston. The commitment date is May 17, 2026 and the reserve is 47,000 USD."
NER5-0267,"Control note: in Brussels, Liam Miller from NimbusWorks logged a migration exception on 12 Oct 2025, linked to $25,000."
NER5-0268,"Ana Navarro reported from Toronto that Sterling Insurance needs a deployment action plan dated 03/06/2025 and funded at $4,850."
NER5-0269,"Grace Nguyen and the risk team at Atlas Security scheduled a rollout workshop in Zurich for 05/14/2025; approved value: 12,400 USD."
NER5-0270,"BrightCloud LLC confirmed a deployment update after Owen Rossi met stakeholders in Lisbon on 03/28/2026, with projected spend of $980."
NER5-0271,"Nathan Miller and the risk team at Sterling Insurance scheduled a compliance remediation workshop in Toronto for 2025-09-14; approved value: 12,400 USD."
NER5-0272,Status update INC-8812: Meridian Payments confirmed with Leo Carter that work in Berlin remains on track for 2026-12-22 with a USD 980 envelope.
NER5-0273,"On 2025-01-10, Isabella Fernandez (UrbanGrid Transit) opened case INC-7919 while coordinating with the platform team in Miami. Exposure is USD 12,400."
NER5-0274,"Isabella Peterson and the operations team at Contoso Labs scheduled a audit workshop in Rome for 16 Apr 2025; approved value: $12,400."
NER5-0275,"Status update INC-4490: Quantum Freight confirmed with Lucas Miller that work in Zurich remains on track for January 9, 2025 with a $25,000 envelope."
NER5-0276,"Julia Baker reported from Rome that Contoso Labs needs a compliance remediation action plan dated 2025-05-24 and funded at 47,000 USD."
NER5-0277,Status update INC-5942: Vertex Dynamics confirmed with Olivia Carter that work in Berlin remains on track for 12 Sep 2025 with a 980 USD envelope.
NER5-0278,"At Polar Manufacturing, Luna Baker documented ticket INC-7322 from Boston. The commitment date is 2025-10-30 and the reserve is $4,850."
NER5-0279,"Iris Miller and the finance team at Quantum Freight scheduled a capacity planning workshop in London for 05 Jan 2026; approved value: $3,760."
NER5-0280,"Finance memo: Contoso Labs assigned Ethan Kim to the risk stream in London; target date 2026-08-25, cap $980."
NER5-0281,"Sterling Insurance confirmed a service stabilization update after Luna Silva met stakeholders in Brussels on 03/02/2026, with projected spend of USD 18,900."
NER5-0282,"Nathan Miller and the operations team at Blue Harbor Analytics scheduled a service stabilization workshop in Berlin for June 8, 2026; approved value: 3,760 USD."
NER5-0283,"Status update INC-8118: Harborline Media confirmed with Liam Silva that work in Seattle remains on track for 2025-09-02 with a USD 4,850 envelope."
NER5-0284,"Iris Chen reported from Lisbon that Blue Harbor Analytics needs a cost optimization action plan dated 2025-05-03 and funded at 3,760 USD."
NER5-0285,"Mason Fernandez reported from Chicago that Polar Manufacturing needs a migration action plan dated 20 Jun 2025 and funded at 3,760 USD."
NER5-0286,"At Quantum Freight, Isaac Mendoza documented ticket INC-9368 from Berlin. The commitment date is 2025-09-27 and the reserve is $25,000."
NER5-0287,"Zoe Ruiz from Summit HealthTech escalated ticket INC-2889 in Lisbon on 2025-09-19; estimated impact: 47,000 USD."
NER5-0288,"Control note: in Madrid, John Rossi from Northwind Group logged a capacity planning exception on 29 Apr 2026, linked to USD 18,900."
NER5-0289,"Elena Carter and the claims team at Pioneer Mobility scheduled a capacity planning workshop in New York for 03 Mar 2026; approved value: USD 7,350."
NER5-0290,"On 02/17/2025, Maria Ruiz (Northwind Group) opened case INC-5625 while coordinating with the analytics team in Brussels. Exposure is $2,100."
NER5-0291,"Status update INC-4974: Apex Systems confirmed with Caleb Navarro that work in Toronto remains on track for 25 Jul 2025 with a $47,000 envelope."
NER5-0292,"Wyatt Baker reported from Stockholm that Polar Manufacturing needs a capacity planning action plan dated September 9, 2025 and funded at $980."
NER5-0293,"Emma Nguyen from Apex Systems escalated ticket INC-4902 in Boston on 2025-11-11; estimated impact: 4,850 USD."
NER5-0294,"Lucas Mendoza led a rollout checkpoint for Contoso Labs in Madrid (08/26/2025) and requested $12,400 for the next phase."
NER5-0295,"During the deployment review in Zurich on 2026-08-05, Olivia Peterson of Contoso Labs validated a budget line of 18,900 USD."
NER5-0296,"Status update INC-2223: Harborline Media confirmed with Hannah Peterson that work in Mexico City remains on track for 11/22/2025 with a USD 7,350 envelope."
NER5-0297,"Incident INC-2978: Noah Walker at BrightCloud LLC requested urgent support from Lisbon on 04/06/2026; approved amount: $12,400."
NER5-0298,"Incident INC-5984: Julia Silva at Altura Foods requested urgent support from Chicago on 2025-05-03; approved amount: 3,760 USD."
NER5-0299,"Hannah Walker from Contoso Labs escalated ticket INC-5896 in New York on 12/31/2025; estimated impact: USD 32,800."
NER5-0300,"Gabriel Navarro from Atlas Security escalated ticket INC-3290 in Stockholm on 2025-09-13; estimated impact: USD 25,000."
NER5-0301,"On 2026-01-17, Isabella Walker (Helios Energy) opened case INC-5240 while coordinating with the claims team in Boston. Exposure is 47,000 USD."
NER5-0302,"Finance memo: Nova Retail assigned Ava Navarro to the platform stream in Berlin; target date 2025-12-06, cap $980."
NER5-0303,"During the deployment review in Boston on 12/01/2026, Gabriel Kim of Apex Systems validated a budget line of $3,760."
NER5-0304,"Julia Walker from Fabrikam Ops escalated ticket INC-7750 in Sydney on September 27, 2026; estimated impact: $7,350."
NER5-0305,"Control note: in Paris, Ana Mendoza from NimbusWorks logged a compliance remediation exception on March 6, 2026, linked to USD 32,800."
NER5-0306,"Status update INC-3946: Atlas Security confirmed with Nora Kim that work in Amsterdam remains on track for 19 Dec 2025 with a $18,900 envelope."
NER5-0307,"Isabella Rossi and the claims team at Vertex Dynamics scheduled a integration workshop in Madrid for 29 Apr 2026; approved value: USD 47,000."
NER5-0308,"Mateo Mendoza reported from Madrid that Atlas Security needs a service stabilization action plan dated 08/13/2025 and funded at USD 12,400."
NER5-0309,"Apex Systems confirmed a deployment update after Nora Price met stakeholders in Toronto on August 5, 2026, with projected spend of USD 47,000."
NER5-0310,"Status update INC-8831: Contoso Labs confirmed with Wyatt Chen that work in Madrid remains on track for August 27, 2025 with a 980 USD envelope."
NER5-0311,Ava Walker reported from Lisbon that Pioneer Mobility needs a capacity planning action plan dated 2025-11-28 and funded at USD 980.
NER5-0312,"Control note: in Boston, Liam Khan from Harborline Media logged a audit exception on 2026-08-24, linked to $12,400."
NER5-0313,"Control note: in Mexico City, Isaac Kim from Sterling Insurance logged a deployment exception on 28 Jun 2025, linked to 4,850 USD."
NER5-0314,"Status update INC-3983: Orion Logistics confirmed with Grace Walker that work in London remains on track for 12/20/2026 with a USD 47,000 envelope."
NER5-0315,"Isabella Price and the finance team at BrightCloud LLC scheduled a audit workshop in Amsterdam for 25 May 2025; approved value: USD 2,100."
NER5-0316,"On September 29, 2025, Ana Nguyen (Altura Foods) opened case INC-2110 while coordinating with the finance team in London. Exposure is 4,850 USD."
NER5-0317,"Finance memo: NimbusWorks assigned Emma Chen to the finance stream in Miami; target date March 6, 2026, cap $18,900."
NER5-0318,"During the incident response review in New York on 06/16/2025, Noah Kim of Redwood Finance validated a budget line of USD 2,100."
NER5-0319,"Status update INC-2525: Pioneer Mobility confirmed with Noah Miller that work in Lisbon remains on track for January 20, 2026 with a 2,100 USD envelope."
NER5-0320,"Incident INC-2659: Harper Rossi at Meridian Payments requested urgent support from Lisbon on 09/14/2026; approved amount: USD 3,760."
NER5-0321,"Status update INC-2571: Polar Manufacturing confirmed with Elena Evans that work in Stockholm remains on track for 29 Sep 2025 with a USD 7,350 envelope."
NER5-0322,"Incident INC-5825: Caleb Kim at Nova Retail requested urgent support from Madrid on 2026-01-05; approved amount: USD 18,900."
NER5-0323,"At Helios Energy, Noah Rossi documented ticket INC-2892 from Lisbon. The commitment date is 16 Oct 2026 and the reserve is $2,100."
NER5-0324,"Wyatt Mendoza from Contoso Labs escalated ticket INC-7052 in Stockholm on February 1, 2026; estimated impact: $12,400."
NER5-0325,"Chloe Navarro and the claims team at Altura Foods scheduled a rollout workshop in Chicago for 20 Aug 2025; approved value: USD 47,000."
NER5-0326,"Status update INC-7858: Meridian Payments confirmed with Nora Evans that work in Zurich remains on track for 2025-08-21 with a 18,900 USD envelope."
NER5-0327,"Blue Harbor Analytics confirmed a service stabilization update after Mateo Kim met stakeholders in Berlin on 2026-02-09, with projected spend of 32,800 USD."
NER5-0328,"Incident INC-7936: Sofia Navarro at Orion Logistics requested urgent support from Lisbon on August 5, 2025; approved amount: USD 3,760."
NER5-0329,"During the incident response review in Mexico City on 2025-03-10, Lucas Diaz of Vertex Dynamics validated a budget line of 18,900 USD."
NER5-0330,"Status update INC-3451: Apex Systems confirmed with Mason Navarro that work in Sydney remains on track for 08/25/2026 with a $2,100 envelope."
NER5-0331,"Adrian Lopez and the analytics team at BrightCloud LLC scheduled a compliance remediation workshop in Zurich for 14 Apr 2025; approved value: $32,800."
NER5-0332,"Wyatt Price and the customer-success team at Pulse Telecom scheduled a service stabilization workshop in Amsterdam for February 8, 2025; approved value: $7,350."
NER5-0333,"Gabriel Chen from NimbusWorks escalated ticket INC-8785 in Mexico City on December 9, 2026; estimated impact: 980 USD."
NER5-0334,"During the incident response review in Chicago on 2026-05-19, Julian Silva of Blue Harbor Analytics validated a budget line of USD 4,850."
NER5-0335,"Elena Diaz from Sterling Insurance escalated ticket INC-8937 in Berlin on 07/12/2025; estimated impact: $4,850."
NER5-0336,"Incident INC-1474: Luna Ruiz at Contoso Labs requested urgent support from San Francisco on 12/28/2026; approved amount: 3,760 USD."
NER5-0337,"Finance memo: Fabrikam Ops assigned Maria Carter to the compliance stream in Miami; target date 21 Feb 2025, cap $4,850."
NER5-0338,"During the audit review in Toronto on 05/16/2026, Sofia Rossi of Northwind Group validated a budget line of $3,760."
NER5-0339,"During the integration review in Boston on February 20, 2025, Ana Silva of Apex Systems validated a budget line of USD 47,000."
NER5-0340,"Status update INC-1138: Apex Systems confirmed with Elena Fernandez that work in London remains on track for May 1, 2026 with a 3,760 USD envelope."
NER5-0341,"Status update INC-8646: Meridian Payments confirmed with Leo Mendoza that work in Boston remains on track for 12/24/2025 with a USD 7,350 envelope."
NER5-0342,"At BrightCloud LLC, Gabriel Price documented ticket INC-5631 from London. The commitment date is 08 Jun 2026 and the reserve is 32,800 USD."
NER5-0343,"Liam Nguyen from Vertex Dynamics escalated ticket INC-3456 in Mexico City on 11 Oct 2025; estimated impact: USD 7,350."
NER5-0344,"Finance memo: UrbanGrid Transit assigned Iris Peterson to the analytics stream in Mexico City; target date November 29, 2026, cap 980 USD."
NER5-0345,"Gabriel Peterson and the infrastructure team at Polar Manufacturing scheduled a cost optimization workshop in Madrid for August 21, 2026; approved value: 12,400 USD."
NER5-0346,"Control note: in Lisbon, Nora Fernandez from Blue Harbor Analytics logged a deployment exception on November 5, 2026, linked to USD 7,350."
NER5-0347,"Caleb Ruiz reported from Mexico City that UrbanGrid Transit needs a compliance remediation action plan dated 2026-11-02 and funded at $4,850."
NER5-0348,"Samuel Mendoza led a integration checkpoint for Redwood Finance in San Francisco (2026-04-20) and requested USD 25,000 for the next phase."
NER5-0349,"Status update INC-4281: Quantum Freight confirmed with Sofia Peterson that work in San Francisco remains on track for 2026-02-28 with a USD 3,760 envelope."
NER5-0350,"Owen Walker from Pioneer Mobility escalated ticket INC-3897 in Lisbon on 03/24/2025; estimated impact: 12,400 USD."
NER5-0351,"Julia Mendoza and the customer-success team at Helios Energy scheduled a compliance remediation workshop in Lisbon for August 14, 2026; approved value: USD 25,000."
NER5-0352,Isaac Peterson reported from Amsterdam that Meridian Payments needs a migration action plan dated 2026-01-28 and funded at 980 USD.
NER5-0353,"On October 4, 2026, Mason Baker (Apex Systems) opened case INC-6641 while coordinating with the analytics team in London. Exposure is 4,850 USD."
NER5-0354,Status update INC-5764: Redwood Finance confirmed with Clara Fernandez that work in San Francisco remains on track for 2025-06-21 with a $980 envelope.
NER5-0355,"Incident INC-3701: Mason Nguyen at Meridian Payments requested urgent support from Paris on 12/17/2025; approved amount: USD 12,400."
NER5-0356,"Isabella Walker led a deployment checkpoint for Helios Energy in London (August 27, 2026) and requested $2,100 for the next phase."
NER5-0357,"Finance memo: Pulse Telecom assigned Elias Chen to the operations stream in Madrid; target date 2026-11-09, cap USD 980."
NER5-0358,"Sofia Evans and the analytics team at Vertex Dynamics scheduled a compliance remediation workshop in Amsterdam for December 20, 2026; approved value: 4,850 USD."
NER5-0359,"During the rollout review in Sydney on September 13, 2026, Noah Fernandez of Vertex Dynamics validated a budget line of USD 18,900."
NER5-0360,"During the compliance remediation review in Dublin on September 16, 2026, Sofia Lopez of Evergreen Biotech validated a budget line of 7,350 USD."
NER5-0361,"On 08/01/2025, Mia Chen (Atlas Security) opened case INC-1044 while coordinating with the risk team in Amsterdam. Exposure is USD 12,400."
NER5-0362,"During the deployment review in Berlin on 2026-06-08, Zoe Kim of Nova Retail validated a budget line of $2,100."
NER5-0363,"On 10 Feb 2025, Owen Chen (BrightCloud LLC) opened case INC-6123 while coordinating with the operations team in Lisbon. Exposure is 12,400 USD."
NER5-0364,"John Rossi reported from Lisbon that Nova Retail needs a incident response action plan dated 03 Dec 2025 and funded at 25,000 USD."
NER5-0365,"On 13 Apr 2026, Ethan Lopez (NimbusWorks) opened case INC-8835 while coordinating with the operations team in Boston. Exposure is 18,900 USD."
NER5-0366,"Finance memo: Orion Logistics assigned Olivia Chen to the platform stream in Rome; target date 03/03/2026, cap 47,000 USD."
NER5-0367,"During the rollout review in Paris on 05/10/2026, Nora Diaz of Apex Systems validated a budget line of $2,100."
NER5-0368,"Finance memo: Harborline Media assigned Hannah Rossi to the customer-success stream in Brussels; target date August 14, 2026, cap 12,400 USD."
NER5-0369,"At Summit HealthTech, Mateo Kim documented ticket INC-3571 from Boston. The commitment date is 2025-06-02 and the reserve is 980 USD."
NER5-0370,"Mia Miller and the security team at Evergreen Biotech scheduled a capacity planning workshop in Mexico City for 04 Sep 2025; approved value: USD 7,350."
NER5-0371,"Clara Peterson reported from Berlin that Northwind Group needs a cost optimization action plan dated 04/16/2026 and funded at $47,000."
NER5-0372,"Status update INC-9996: Polar Manufacturing confirmed with Sofia Kim that work in London remains on track for 04/16/2025 with a USD 18,900 envelope."
NER5-0373,"Elias Silva reported from Stockholm that Quantum Freight needs a cost optimization action plan dated 07/31/2025 and funded at $12,400."
NER5-0374,"Caleb Diaz reported from Amsterdam that Pulse Telecom needs a migration action plan dated 04 Nov 2026 and funded at USD 25,000."
NER5-0375,"On 2026-01-18, Nora Silva (Atlas Security) opened case INC-9067 while coordinating with the platform team in Brussels. Exposure is USD 980."
NER5-0376,"Finance memo: Helios Energy assigned Chloe Diaz to the finance stream in Dublin; target date 05/04/2025, cap $4,850."
NER5-0377,"Finance memo: BrightCloud LLC assigned John Price to the risk stream in Miami; target date April 14, 2026, cap USD 25,000."
NER5-0378,"Adrian Kim reported from Lisbon that Quantum Freight needs a service stabilization action plan dated December 10, 2026 and funded at USD 3,760."
NER5-0379,"Meridian Payments confirmed a cost optimization update after Luna Peterson met stakeholders in Sydney on December 11, 2026, with projected spend of $7,350."
NER5-0380,"Status update INC-4560: Pulse Telecom confirmed with Olivia Santos that work in Brussels remains on track for 03 Nov 2025 with a 32,800 USD envelope."
NER5-0381,"Grace Khan led a incident response checkpoint for UrbanGrid Transit in Paris (December 29, 2026) and requested 32,800 USD for the next phase."
NER5-0382,"Finance memo: Redwood Finance assigned Harper Price to the claims stream in Seattle; target date 22 Nov 2026, cap USD 18,900."
NER5-0383,"Control note: in Madrid, Lucas Chen from UrbanGrid Transit logged a migration exception on 24 Jul 2025, linked to $3,760."
NER5-0384,"Incident INC-4675: Grace Baker at Atlas Security requested urgent support from Madrid on 01/03/2026; approved amount: 2,100 USD."
NER5-0385,"Luna Silva from Harborline Media escalated ticket INC-6122 in Madrid on 01/26/2026; estimated impact: 18,900 USD."
NER5-0386,"At Pulse Telecom, Chloe Baker documented ticket INC-4218 from Miami. The commitment date is 19 Aug 2025 and the reserve is 47,000 USD."
NER5-0387,"During the capacity planning review in Lisbon on 2026-06-11, Ethan Miller of Orion Logistics validated a budget line of USD 18,900."
NER5-0388,"Olivia Ruiz reported from Chicago that Redwood Finance needs a audit action plan dated 06 Jan 2025 and funded at 25,000 USD."
NER5-0389,"Iris Chen led a incident response checkpoint for Sterling Insurance in Sydney (09 Nov 2026) and requested 25,000 USD for the next phase."
NER5-0390,"Isabella Ruiz reported from Berlin that Quantum Freight needs a rollout action plan dated June 2, 2026 and funded at 18,900 USD."
NER5-0391,"Isabella Baker and the compliance team at UrbanGrid Transit scheduled a capacity planning workshop in Mexico City for 06 Dec 2025; approved value: USD 7,350."
NER5-0392,"Finance memo: UrbanGrid Transit assigned Emma Lopez to the risk stream in Toronto; target date April 2, 2026, cap 47,000 USD."
NER5-0393,"At Vertex Dynamics, Sofia Peterson documented ticket INC-9426 from Stockholm. The commitment date is 2025-10-17 and the reserve is $32,800."
NER5-0394,"John Silva and the infrastructure team at Sterling Insurance scheduled a migration workshop in Dublin for 2025-11-25; approved value: USD 2,100."
NER5-0395,"Control note: in Dublin, Liam Baker from UrbanGrid Transit logged a rollout exception on 12/03/2026, linked to USD 2,100."
NER5-0396,"On 2025-02-08, Lucas Rossi (Altura Foods) opened case INC-3916 while coordinating with the analytics team in Mexico City. Exposure is USD 2,100."
NER5-0397,"Zoe Carter and the risk team at Vertex Dynamics scheduled a compliance remediation workshop in Seattle for 02/02/2026; approved value: $18,900."
NER5-0398,"Sofia Evans and the claims team at Apex Systems scheduled a deployment workshop in Sydney for 2025-03-06; approved value: $2,100."
NER5-0399,"Leo Diaz led a audit checkpoint for Contoso Labs in San Francisco (03/25/2026) and requested 18,900 USD for the next phase."
NER5-0400,"Isabella Walker led a capacity planning checkpoint for Polar Manufacturing in Boston (13 Jul 2026) and requested $3,760 for the next phase."
NER5-0401,"Control note: in London, Lucas Lopez from Fabrikam Ops logged a integration exception on 08/10/2026, linked to 32,800 USD."
NER5-0402,"Meridian Payments confirmed a rollout update after Nora Baker met stakeholders in Brussels on May 26, 2025, with projected spend of USD 3,760."
NER5-0403,"Incident INC-2103: Zoe Chen at Atlas Security requested urgent support from Miami on 2026-10-23; approved amount: 7,350 USD."
NER5-0404,"At Pioneer Mobility, Adrian Kim documented ticket INC-2143 from Toronto. The commitment date is May 12, 2025 and the reserve is $2,100."
NER5-0405,"Pulse Telecom confirmed a compliance remediation update after Julia Nguyen met stakeholders in San Francisco on December 12, 2026, with projected spend of 47,000 USD."
NER5-0406,"At Northwind Group, Emma Nguyen documented ticket INC-3200 from New York. The commitment date is 12/31/2026 and the reserve is $7,350."
NER5-0407,"Julia Khan led a audit checkpoint for Blue Harbor Analytics in Amsterdam (2026-07-19) and requested 3,760 USD for the next phase."
NER5-0408,"Finance memo: Polar Manufacturing assigned Ava Mendoza to the customer-success stream in Berlin; target date 2025-03-19, cap 32,800 USD."
NER5-0409,"Control note: in Stockholm, Adrian Baker from Fabrikam Ops logged a service stabilization exception on 09/24/2025, linked to $3,760."
NER5-0410,"Status update INC-9227: Altura Foods confirmed with Grace Walker that work in Brussels remains on track for 2026-06-07 with a $18,900 envelope."
NER5-0411,"Mia Fernandez from Nova Retail escalated ticket INC-3395 in Miami on June 13, 2025; estimated impact: 47,000 USD."
NER5-0412,"Finance memo: Northwind Group assigned Isabella Kim to the infrastructure stream in Berlin; target date 28 Sep 2025, cap USD 4,850."
NER5-0413,"Status update INC-9542: Fabrikam Ops confirmed with Harper Navarro that work in Madrid remains on track for 27 Oct 2026 with a 2,100 USD envelope."
NER5-0414,"Finance memo: Orion Logistics assigned Aria Price to the infrastructure stream in Boston; target date 11/01/2026, cap 12,400 USD."
NER5-0415,"At NimbusWorks, Isabella Fernandez documented ticket INC-1108 from Toronto. The commitment date is 12/20/2025 and the reserve is 25,000 USD."
NER5-0416,"Status update INC-4062: Contoso Labs confirmed with Mia Carter that work in Brussels remains on track for 21 Oct 2026 with a USD 4,850 envelope."
NER5-0417,"Sofia Carter and the customer-success team at Meridian Payments scheduled a audit workshop in Mexico City for 04/27/2025; approved value: $25,000."
NER5-0418,"Northwind Group confirmed a service stabilization update after Elena Rossi met stakeholders in Madrid on May 11, 2025, with projected spend of 3,760 USD."
NER5-0419,"Incident INC-1305: Maria Ruiz at Vertex Dynamics requested urgent support from Lisbon on 06/14/2026; approved amount: 47,000 USD."
NER5-0420,"Status update INC-3338: Evergreen Biotech confirmed with Julia Diaz that work in Amsterdam remains on track for June 24, 2025 with a 18,900 USD envelope."
NER5-0421,"Luna Mendoza from Orion Logistics escalated ticket INC-7315 in Mexico City on 2026-04-10; estimated impact: $4,850."
NER5-0422,"On 2025-06-03, Ava Fernandez (Quantum Freight) opened case INC-1639 while coordinating with the infrastructure team in Seattle. Exposure is $3,760."
NER5-0423,"Control note: in Paris, Ana Kim from UrbanGrid Transit logged a migration exception on 2026-09-10, linked to 18,900 USD."
NER5-0424,"During the audit review in Amsterdam on 26 Jan 2026, Mason Santos of Northwind Group validated a budget line of 47,000 USD."
NER5-0425,"Harper Carter led a service stabilization checkpoint for Contoso Labs in San Francisco (09/05/2026) and requested USD 7,350 for the next phase."
NER5-0426,"Finance memo: Apex Systems assigned Sofia Fernandez to the claims stream in Boston; target date November 2, 2026, cap $12,400."
NER5-0427,"Adrian Mendoza led a compliance remediation checkpoint for Vertex Dynamics in Stockholm (10 Mar 2026) and requested $47,000 for the next phase."
NER5-0428,"Caleb Kim and the operations team at Orion Logistics scheduled a audit workshop in Toronto for 07/27/2026; approved value: $7,350."
NER5-0429,"Control note: in Lisbon, Sofia Carter from Altura Foods logged a service stabilization exception on April 13, 2025, linked to $32,800."
NER5-0430,"During the rollout review in London on April 4, 2025, Maria Ruiz of NimbusWorks validated a budget line of 25,000 USD."
NER5-0431,"Isabella Khan from Contoso Labs escalated ticket INC-9536 in Sydney on 02/08/2025; estimated impact: 18,900 USD."
NER5-0432,"Status update INC-9364: Altura Foods confirmed with Ethan Kim that work in London remains on track for 26 Jul 2025 with a USD 4,850 envelope."
NER5-0433,"Mia Chen and the operations team at Summit HealthTech scheduled a incident response workshop in New York for 2026-11-02; approved value: USD 3,760."
NER5-0434,"Gabriel Peterson reported from Dublin that Redwood Finance needs a service stabilization action plan dated 2026-06-15 and funded at USD 2,100."
NER5-0435,"Finance memo: Northwind Group assigned Nora Mendoza to the analytics stream in Sydney; target date 07/19/2025, cap 18,900 USD."
NER5-0436,"Status update INC-9409: Atlas Security confirmed with Luna Lopez that work in Berlin remains on track for 31 May 2026 with a USD 12,400 envelope."
NER5-0437,"At NimbusWorks, Chloe Navarro documented ticket INC-8548 from Zurich. The commitment date is May 11, 2026 and the reserve is $12,400."
NER5-0438,"Sofia Mendoza led a capacity planning checkpoint for Contoso Labs in Boston (October 11, 2026) and requested $4,850 for the next phase."
NER5-0439,"Emma Mendoza reported from San Francisco that Northwind Group needs a incident response action plan dated 04/06/2025 and funded at USD 12,400."
NER5-0440,"During the integration review in Lisbon on December 1, 2026, Daniel Price of Vertex Dynamics validated a budget line of 25,000 USD."
NER5-0441,"Status update INC-2964: Helios Energy confirmed with Daniel Carter that work in New York remains on track for 26 Sep 2026 with a USD 3,760 envelope."
NER5-0442,"Emma Evans led a audit checkpoint for Fabrikam Ops in Amsterdam (16 Jan 2026) and requested 25,000 USD for the next phase."
NER5-0443,"Nathan Peterson led a migration checkpoint for Northwind Group in Zurich (2025-05-12) and requested $32,800 for the next phase."
NER5-0444,"Nora Peterson and the risk team at UrbanGrid Transit scheduled a migration workshop in Lisbon for 2026-04-14; approved value: $32,800."
NER5-0445,"Incident INC-4066: Daniel Peterson at Redwood Finance requested urgent support from Rome on 30 Nov 2025; approved amount: $47,000."
NER5-0446,"Nathan Kim reported from Mexico City that Pulse Telecom needs a incident response action plan dated January 10, 2026 and funded at $25,000."
NER5-0447,"Incident INC-4744: Gabriel Mendoza at Altura Foods requested urgent support from Lisbon on August 9, 2026; approved amount: 47,000 USD."
NER5-0448,"NimbusWorks confirmed a cost optimization update after Caleb Santos met stakeholders in Dublin on May 30, 2025, with projected spend of USD 25,000."
NER5-0449,"Control note: in Mexico City, Mason Evans from Polar Manufacturing logged a rollout exception on 14 May 2026, linked to 7,350 USD."
NER5-0450,"Mia Chen reported from Chicago that Helios Energy needs a incident response action plan dated 2026-05-03 and funded at 25,000 USD."
NER5-0451,"Caleb Evans and the customer-success team at Vertex Dynamics scheduled a service stabilization workshop in Toronto for 01/21/2025; approved value: $2,100."
NER5-0452,"At Blue Harbor Analytics, Aria Ruiz documented ticket INC-7243 from Toronto. The commitment date is 11/29/2025 and the reserve is USD 25,000."
NER5-0453,"Lucas Ruiz reported from Mexico City that Sterling Insurance needs a integration action plan dated 03/08/2026 and funded at USD 2,100."
NER5-0454,"At Harborline Media, Hannah Silva documented ticket INC-6950 from Chicago. The commitment date is 09/12/2026 and the reserve is $7,350."
NER5-0455,"Finance memo: Orion Logistics assigned Elena Ruiz to the security stream in London; target date May 9, 2025, cap 7,350 USD."
NER5-0456,"During the rollout review in Amsterdam on 2026-07-16, Noah Lopez of Contoso Labs validated a budget line of $980."
NER5-0457,"Contoso Labs confirmed a audit update after Elias Walker met stakeholders in Boston on November 13, 2025, with projected spend of 4,850 USD."
NER5-0458,"Mason Ruiz led a deployment checkpoint for Apex Systems in Madrid (11 Nov 2026) and requested $12,400 for the next phase."
NER5-0459,"Julia Walker reported from Stockholm that Harborline Media needs a deployment action plan dated 07/01/2025 and funded at $47,000."
NER5-0460,"Harper Evans from Northwind Group escalated ticket INC-5256 in Berlin on 29 Mar 2026; estimated impact: $12,400."
NER5-0461,"Emma Fernandez from Nova Retail escalated ticket INC-9059 in Toronto on 10/21/2025; estimated impact: USD 32,800."
NER5-0462,"Pulse Telecom confirmed a integration update after Isaac Silva met stakeholders in New York on 08 Jan 2025, with projected spend of $4,850."
NER5-0463,"During the capacity planning review in Chicago on 03/23/2025, Clara Peterson of Northwind Group validated a budget line of 4,850 USD."
NER5-0464,"During the cost optimization review in Lisbon on 20 May 2025, Elena Baker of Contoso Labs validated a budget line of 2,100 USD."
NER5-0465,"During the rollout review in Mexico City on January 20, 2025, Elias Kim of Helios Energy validated a budget line of 980 USD."
NER5-0466,"Nathan Walker reported from Miami that Harborline Media needs a integration action plan dated January 9, 2025 and funded at USD 2,100."
NER5-0467,"Finance memo: Evergreen Biotech assigned Elena Silva to the risk stream in Toronto; target date 2026-04-20, cap USD 12,400."
NER5-0468,"At Evergreen Biotech, Liam Evans documented ticket INC-2998 from Lisbon. The commitment date is 16 Jul 2025 and the reserve is USD 18,900."
NER5-0469,"Mateo Chen and the finance team at Helios Energy scheduled a audit workshop in Miami for April 7, 2025; approved value: $25,000."
NER5-0470,"On 09/17/2025, John Evans (Quantum Freight) opened case INC-6905 while coordinating with the risk team in Rome. Exposure is USD 7,350."
NER5-0471,"Mateo Santos from Pioneer Mobility escalated ticket INC-7484 in London on 21 Jun 2025; estimated impact: USD 47,000."
NER5-0472,"Adrian Kim and the compliance team at Harborline Media scheduled a rollout workshop in Sydney for 08 Jun 2025; approved value: USD 2,100."
NER5-0473,"At Sterling Insurance, Elias Nguyen documented ticket INC-9787 from Madrid. The commitment date is 03 Mar 2025 and the reserve is 3,760 USD."
NER5-0474,"During the audit review in Toronto on March 26, 2026, Isabella Nguyen of Atlas Security validated a budget line of 980 USD."
NER5-0475,"Harborline Media confirmed a service stabilization update after John Kim met stakeholders in Miami on 27 Jul 2026, with projected spend of 32,800 USD."
NER5-0476,"During the deployment review in Miami on October 9, 2025, Aria Khan of Pioneer Mobility validated a budget line of 2,100 USD."
NER5-0477,"Aria Khan reported from London that Altura Foods needs a integration action plan dated 10/16/2026 and funded at USD 3,760."
NER5-0478,"Liam Evans and the finance team at NimbusWorks scheduled a compliance remediation workshop in Dublin for 06/21/2026; approved value: USD 32,800."
NER5-0479,"On 2026-11-06, Hannah Lopez (BrightCloud LLC) opened case INC-3926 while coordinating with the risk team in Brussels. Exposure is USD 980."
NER5-0480,"Incident INC-5193: Wyatt Baker at BrightCloud LLC requested urgent support from Madrid on 08/08/2026; approved amount: 25,000 USD."
NER5-0481,"Control note: in Dublin, Iris Miller from Apex Systems logged a capacity planning exception on 11/03/2026, linked to $2,100."
NER5-0482,"Incident INC-2153: Elena Khan at Harborline Media requested urgent support from Madrid on 24 Sep 2026; approved amount: USD 32,800."
NER5-0483,"Mason Lopez and the security team at BrightCloud LLC scheduled a service stabilization workshop in New York for 06/29/2026; approved value: USD 4,850."
NER5-0484,"Polar Manufacturing confirmed a rollout update after Ethan Evans met stakeholders in Stockholm on 2026-03-02, with projected spend of $47,000."
NER5-0485,"Ethan Evans led a incident response checkpoint for NimbusWorks in Brussels (December 12, 2025) and requested 32,800 USD for the next phase."
NER5-0486,"Control note: in Seattle, Hannah Khan from Meridian Payments logged a capacity planning exception on November 28, 2025, linked to 47,000 USD."
NER5-0487,"During the audit review in Miami on 2026-02-11, Chloe Khan of Altura Foods validated a budget line of $980."
NER5-0488,"Status update INC-9376: Northwind Group confirmed with Emma Silva that work in Dublin remains on track for 2025-11-19 with a 7,350 USD envelope."
NER5-0489,"Incident INC-7014: Lucas Lopez at Fabrikam Ops requested urgent support from Miami on December 31, 2025; approved amount: $3,760."
NER5-0490,"At Contoso Labs, Chloe Silva documented ticket INC-6319 from Zurich. The commitment date is February 14, 2026 and the reserve is 2,100 USD."
NER5-0491,"Finance memo: Pulse Telecom assigned Zoe Lopez to the finance stream in San Francisco; target date 02/08/2025, cap USD 2,100."
NER5-0492,Sofia Carter led a incident response checkpoint for Polar Manufacturing in Sydney (01/12/2025) and requested $980 for the next phase.
NER5-0493,"Status update INC-7436: Pioneer Mobility confirmed with Zoe Walker that work in Brussels remains on track for December 16, 2026 with a USD 3,760 envelope."
NER5-0494,"Status update INC-6507: Northwind Group confirmed with Luna Miller that work in Seattle remains on track for 10/24/2025 with a USD 3,760 envelope."
NER5-0495,"Maria Evans led a cost optimization checkpoint for NimbusWorks in Chicago (03/29/2025) and requested $32,800 for the next phase."
NER5-0496,"Ava Kim and the operations team at NimbusWorks scheduled a incident response workshop in Zurich for July 20, 2025; approved value: USD 4,850."
NER5-0497,"Zoe Miller and the finance team at BrightCloud LLC scheduled a service stabilization workshop in Seattle for 10 Mar 2026; approved value: USD 12,400."
NER5-0498,"Incident INC-8216: David Silva at Orion Logistics requested urgent support from Toronto on 09/24/2026; approved amount: USD 47,000."
NER5-0499,"Samuel Walker reported from Berlin that Polar Manufacturing needs a migration action plan dated 2025-04-26 and funded at 4,850 USD."
NER5-0500,"Sofia Silva led a integration checkpoint for Altura Foods in Amsterdam (24 Jan 2025) and requested 4,850 USD for the next phase."
NER5-0501,"Atlas Security confirmed a deployment update after Mason Mendoza met stakeholders in Amsterdam on September 30, 2026, with projected spend of $980."
NER5-0502,"Maria Silva and the claims team at Helios Energy scheduled a compliance remediation workshop in Sydney for 2025-10-05; approved value: 25,000 USD."
NER5-0503,"At BrightCloud LLC, Nathan Khan documented ticket INC-9331 from London. The commitment date is 10/27/2025 and the reserve is $4,850."
NER5-0504,"Iris Evans led a integration checkpoint for Contoso Labs in Lisbon (07/23/2025) and requested 32,800 USD for the next phase."
NER5-0505,"Incident INC-6765: Leo Nguyen at Evergreen Biotech requested urgent support from Boston on 2025-06-10; approved amount: 12,400 USD."
NER5-0506,"Finance memo: Fabrikam Ops assigned Luna Mendoza to the platform stream in Chicago; target date 2026-02-01, cap $32,800."
NER5-0507,"Status update INC-3502: Polar Manufacturing confirmed with Olivia Miller that work in Boston remains on track for June 18, 2026 with a USD 18,900 envelope."
NER5-0508,"Control note: in Paris, Julian Navarro from Atlas Security logged a deployment exception on July 31, 2025, linked to 47,000 USD."
NER5-0509,"Mason Walker reported from Paris that Meridian Payments needs a audit action plan dated November 3, 2026 and funded at USD 12,400."
NER5-0510,"On 26 Feb 2026, Lucas Rossi (Pioneer Mobility) opened case INC-5485 while coordinating with the platform team in Seattle. Exposure is 25,000 USD."
NER5-0511,"Incident INC-4783: Olivia Ruiz at Apex Systems requested urgent support from Sydney on 24 Sep 2026; approved amount: 47,000 USD."
NER5-0512,"Contoso Labs confirmed a cost optimization update after David Khan met stakeholders in Amsterdam on 05/18/2025, with projected spend of USD 12,400."
NER5-0513,"On 2026-02-23, Mia Baker (Northwind Group) opened case INC-4646 while coordinating with the security team in Madrid. Exposure is $7,350."
NER5-0514,"Status update INC-8005: Pulse Telecom confirmed with Ethan Navarro that work in Amsterdam remains on track for 06 Dec 2026 with a USD 25,000 envelope."
NER5-0515,"Incident INC-8399: Clara Nguyen at NimbusWorks requested urgent support from Sydney on 2026-08-09; approved amount: USD 32,800."
NER5-0516,"At NimbusWorks, Mason Evans documented ticket INC-1807 from Madrid. The commitment date is 07/26/2026 and the reserve is 32,800 USD."
NER5-0517,"At Blue Harbor Analytics, Gabriel Silva documented ticket INC-1893 from Miami. The commitment date is 06/20/2025 and the reserve is 7,350 USD."
NER5-0518,"Finance memo: Polar Manufacturing assigned Julia Miller to the platform stream in Brussels; target date April 26, 2025, cap 47,000 USD."
NER5-0519,"Control note: in Lisbon, Hannah Navarro from Apex Systems logged a audit exception on April 10, 2026, linked to USD 25,000."
NER5-0520,"BrightCloud LLC confirmed a service stabilization update after Sofia Miller met stakeholders in Miami on 12 Oct 2026, with projected spend of 2,100 USD."
NER5-0521,"NimbusWorks confirmed a audit update after Clara Evans met stakeholders in Madrid on 24 Jun 2025, with projected spend of 47,000 USD."
NER5-0522,"Status update INC-3155: Blue Harbor Analytics confirmed with Maria Santos that work in San Francisco remains on track for 02 Apr 2026 with a USD 3,760 envelope."
NER5-0523,"Chloe Rossi and the security team at Altura Foods scheduled a service stabilization workshop in Amsterdam for 2026-05-26; approved value: $47,000."
NER5-0524,"Incident INC-5556: Harper Navarro at Meridian Payments requested urgent support from Miami on 2025-03-23; approved amount: 4,850 USD."
NER5-0525,"During the service stabilization review in Madrid on 31 Oct 2026, Maria Ruiz of Nova Retail validated a budget line of USD 980."
NER5-0526,"Status update INC-5659: Fabrikam Ops confirmed with Julian Miller that work in Rome remains on track for March 3, 2026 with a 3,760 USD envelope."
NER5-0527,"On 2026-01-04, Caleb Ruiz (Altura Foods) opened case INC-6289 while coordinating with the finance team in Zurich. Exposure is $2,100."
NER5-0528,"Finance memo: Contoso Labs assigned Isaac Evans to the finance stream in San Francisco; target date April 28, 2026, cap 2,100 USD."
NER5-0529,"Control note: in Dublin, Mason Baker from Harborline Media logged a cost optimization exception on 2026-09-19, linked to 2,100 USD."
NER5-0530,"Status update INC-6797: Meridian Payments confirmed with Iris Silva that work in Sydney remains on track for 21 Nov 2025 with a 32,800 USD envelope."
NER5-0531,"On May 20, 2026, Wyatt Fernandez (Polar Manufacturing) opened case INC-5759 while coordinating with the security team in Amsterdam. Exposure is USD 47,000."
NER5-0532,"David Navarro and the finance team at Sterling Insurance scheduled a capacity planning workshop in Rome for 08/01/2025; approved value: USD 18,900."
NER5-0533,"Daniel Rossi led a capacity planning checkpoint for Sterling Insurance in Dublin (08 Dec 2026) and requested USD 7,350 for the next phase."
NER5-0534,"Hannah Rossi reported from Mexico City that BrightCloud LLC needs a integration action plan dated 12/16/2025 and funded at 47,000 USD."
NER5-0535,"At Evergreen Biotech, Julian Kim documented ticket INC-8546 from Madrid. The commitment date is October 24, 2026 and the reserve is USD 25,000."
NER5-0536,"Elena Chen and the security team at Quantum Freight scheduled a service stabilization workshop in San Francisco for 02 Aug 2026; approved value: 32,800 USD."
NER5-0537,"Status update INC-9753: Contoso Labs confirmed with Julian Khan that work in Paris remains on track for 2025-10-15 with a $12,400 envelope."
NER5-0538,Incident INC-7780: Clara Ruiz at Pulse Telecom requested urgent support from Rome on 12 Nov 2025; approved amount: $980.
NER5-0539,"On 22 Jun 2026, Samuel Navarro (Blue Harbor Analytics) opened case INC-7131 while coordinating with the risk team in Dublin. Exposure is USD 3,760."
NER5-0540,"Julia Fernandez reported from Amsterdam that Apex Systems needs a deployment action plan dated May 28, 2026 and funded at $4,850."
NER5-0541,"During the migration review in Paris on 2025-07-30, Lucas Lopez of Quantum Freight validated a budget line of $25,000."
NER5-0542,"During the service stabilization review in Mexico City on 2026-04-24, John Diaz of Contoso Labs validated a budget line of 2,100 USD."
NER5-0543,"Helios Energy confirmed a deployment update after Daniel Nguyen met stakeholders in Dublin on 21 Oct 2025, with projected spend of $32,800."
NER5-0544,"During the incident response review in London on 2026-09-30, Mia Mendoza of BrightCloud LLC validated a budget line of 4,850 USD."
NER5-0545,"Lucas Silva from Redwood Finance escalated ticket INC-6549 in New York on 2025-06-25; estimated impact: 7,350 USD."
NER5-0546,"Control note: in Madrid, Olivia Rossi from Evergreen Biotech logged a audit exception on 04/19/2025, linked to USD 980."
NER5-0547,"At Sterling Insurance, Iris Price documented ticket INC-4246 from Miami. The commitment date is 24 Sep 2026 and the reserve is $7,350."
NER5-0548,"Incident INC-8625: Zoe Walker at Contoso Labs requested urgent support from Miami on 04/10/2025; approved amount: 7,350 USD."
NER5-0549,"On February 6, 2026, Lucas Diaz (Vertex Dynamics) opened case INC-8426 while coordinating with the compliance team in Toronto. Exposure is $12,400."
NER5-0550,"Finance memo: Summit HealthTech assigned Harper Lopez to the infrastructure stream in Amsterdam; target date April 18, 2026, cap $7,350."
NER5-0551,"Incident INC-7773: Noah Nguyen at Atlas Security requested urgent support from Berlin on 11/06/2025; approved amount: 18,900 USD."
NER5-0552,"Caleb Ruiz reported from Boston that Evergreen Biotech needs a service stabilization action plan dated 09 Mar 2025 and funded at 4,850 USD."
NER5-0553,"On 12/30/2026, Aria Carter (Orion Logistics) opened case INC-8584 while coordinating with the finance team in Berlin. Exposure is 2,100 USD."
NER5-0554,"On 2025-03-13, Julia Ruiz (Blue Harbor Analytics) opened case INC-6364 while coordinating with the compliance team in Boston. Exposure is $47,000."
NER5-0555,"Status update INC-5775: Redwood Finance confirmed with Daniel Walker that work in London remains on track for May 31, 2025 with a 25,000 USD envelope."
NER5-0556,"Julia Baker from Helios Energy escalated ticket INC-6640 in Mexico City on 03 Nov 2025; estimated impact: 18,900 USD."
NER5-0557,"Elias Fernandez reported from Paris that NimbusWorks needs a capacity planning action plan dated 2025-10-29 and funded at 12,400 USD."
NER5-0558,"Finance memo: Apex Systems assigned Sofia Silva to the operations stream in New York; target date 03/19/2026, cap 12,400 USD."
NER5-0559,"UrbanGrid Transit confirmed a compliance remediation update after Aria Baker met stakeholders in Lisbon on May 2, 2026, with projected spend of 4,850 USD."
NER5-0560,"On 2025-03-15, Grace Walker (Nova Retail) opened case INC-8974 while coordinating with the operations team in London. Exposure is 3,760 USD."
NER5-0561,"Finance memo: Altura Foods assigned Olivia Santos to the infrastructure stream in Sydney; target date March 12, 2026, cap 25,000 USD."
NER5-0562,"Finance memo: Orion Logistics assigned Nora Carter to the infrastructure stream in Seattle; target date 2026-09-12, cap $47,000."
NER5-0563,"Control note: in Madrid, Aria Price from Summit HealthTech logged a audit exception on 02/08/2025, linked to USD 12,400."
NER5-0564,"During the service stabilization review in Brussels on 2025-03-22, Mason Mendoza of Altura Foods validated a budget line of $4,850."
NER5-0565,"Finance memo: Pioneer Mobility assigned Elias Chen to the customer-success stream in Stockholm; target date 01/12/2025, cap 25,000 USD."
NER5-0566,"Blue Harbor Analytics confirmed a service stabilization update after Nora Silva met stakeholders in Lisbon on 06 Feb 2025, with projected spend of $47,000."
NER5-0567,"On 2026-10-02, Zoe Chen (UrbanGrid Transit) opened case INC-2351 while coordinating with the platform team in San Francisco. Exposure is $7,350."
NER5-0568,"Status update INC-2827: Nova Retail confirmed with Nathan Mendoza that work in Sydney remains on track for 15 Oct 2025 with a USD 7,350 envelope."
NER5-0569,"On September 25, 2025, Lucas Navarro (Summit HealthTech) opened case INC-9640 while coordinating with the risk team in Lisbon. Exposure is USD 25,000."
NER5-0570,"Status update INC-8211: Nova Retail confirmed with Lucas Diaz that work in Amsterdam remains on track for 02/27/2026 with a 4,850 USD envelope."
NER5-0571,"At Sterling Insurance, Nora Chen documented ticket INC-7533 from Chicago. The commitment date is 2025-04-29 and the reserve is $3,760."
NER5-0572,"At NimbusWorks, Aria Carter documented ticket INC-8122 from Boston. The commitment date is 01 May 2026 and the reserve is 3,760 USD."
NER5-0573,"During the deployment review in Madrid on 10 Apr 2025, Clara Nguyen of Quantum Freight validated a budget line of 18,900 USD."
NER5-0574,"Noah Mendoza and the infrastructure team at Sterling Insurance scheduled a incident response workshop in Zurich for 02/05/2026; approved value: 4,850 USD."
NER5-0575,"On 2026-11-20, Ethan Nguyen (Atlas Security) opened case INC-7737 while coordinating with the claims team in London. Exposure is USD 2,100."
NER5-0576,"Julia Khan and the risk team at Northwind Group scheduled a service stabilization workshop in San Francisco for September 15, 2025; approved value: USD 980."
NER5-0577,"Sterling Insurance confirmed a service stabilization update after Daniel Diaz met stakeholders in Rome on 2026-12-27, with projected spend of 2,100 USD."
NER5-0578,"Vertex Dynamics confirmed a deployment update after Sofia Ruiz met stakeholders in San Francisco on 2026-04-24, with projected spend of $25,000."
NER5-0579,"On 02 Feb 2026, Liam Mendoza (Fabrikam Ops) opened case INC-5336 while coordinating with the platform team in Boston. Exposure is $980."
NER5-0580,"Status update INC-9857: Pulse Telecom confirmed with Wyatt Baker that work in Boston remains on track for 07/02/2025 with a USD 2,100 envelope."
NER5-0581,"At Harborline Media, Noah Navarro documented ticket INC-5105 from Chicago. The commitment date is 2025-04-16 and the reserve is USD 2,100."
NER5-0582,"At Fabrikam Ops, Lucas Rossi documented ticket INC-1060 from Boston. The commitment date is September 30, 2025 and the reserve is $12,400."
NER5-0583,"Isaac Peterson led a service stabilization checkpoint for Polar Manufacturing in Berlin (July 8, 2026) and requested $980 for the next phase."
NER5-0584,"At UrbanGrid Transit, Nora Nguyen documented ticket INC-9759 from San Francisco. The commitment date is 2026-02-15 and the reserve is $2,100."
NER5-0585,"At Orion Logistics, Grace Baker documented ticket INC-7391 from Stockholm. The commitment date is 02/10/2025 and the reserve is $4,850."
NER5-0586,"On 2025-05-24, Ana Navarro (Polar Manufacturing) opened case INC-4907 while coordinating with the compliance team in Dublin. Exposure is USD 4,850."
NER5-0587,"Finance memo: Evergreen Biotech assigned Aria Silva to the finance stream in Stockholm; target date 2026-04-06, cap $980."
NER5-0588,"At Sterling Insurance, Sofia Baker documented ticket INC-2180 from Brussels. The commitment date is April 15, 2026 and the reserve is USD 47,000."
NER5-0589,"At Pulse Telecom, David Kim documented ticket INC-1818 from Madrid. The commitment date is September 6, 2025 and the reserve is USD 980."
NER5-0590,"Finance memo: Redwood Finance assigned Elias Ruiz to the claims stream in Berlin; target date 2025-04-19, cap 25,000 USD."
NER5-0591,"Julian Peterson reported from Rome that Pioneer Mobility needs a audit action plan dated December 2, 2026 and funded at USD 12,400."
NER5-0592,"Status update INC-3703: Vertex Dynamics confirmed with Liam Lopez that work in Paris remains on track for March 2, 2026 with a 12,400 USD envelope."
NER5-0593,"BrightCloud LLC confirmed a migration update after John Walker met stakeholders in Sydney on January 21, 2026, with projected spend of $980."
NER5-0594,"At Blue Harbor Analytics, Ana Price documented ticket INC-3344 from Seattle. The commitment date is 12/12/2026 and the reserve is USD 3,760."
NER5-0595,"Elena Carter and the customer-success team at Orion Logistics scheduled a rollout workshop in Sydney for 2026-12-10; approved value: USD 47,000."
NER5-0596,"Leo Khan reported from London that Meridian Payments needs a service stabilization action plan dated July 26, 2026 and funded at USD 4,850."
NER5-0597,"Aria Fernandez and the claims team at Northwind Group scheduled a audit workshop in Miami for October 4, 2026; approved value: USD 7,350."
NER5-0598,"Finance memo: Orion Logistics assigned Harper Kim to the analytics stream in Lisbon; target date 2026-11-18, cap 980 USD."
NER5-0599,"At Pulse Telecom, Chloe Nguyen documented ticket INC-3881 from Miami. The commitment date is 2025-02-14 and the reserve is 980 USD."
NER5-0600,"Luna Lopez reported from New York that Contoso Labs needs a rollout action plan dated 01 Apr 2026 and funded at USD 18,900."
